Workbook

Sheet ANALYZED
A1: Age | B1: Attrition | C1: BusinessTravel | D1: DailyRate | E1: Department | F1: DistanceFromHome | G1: Education | H1: EducationField | I1: EmployeeCount | J1: EmployeeNumber | K1: EnvironmentSatisfaction | L1: Gender | M1: HourlyRate | N1: JobInvolvement | O1: JobLevel | P1: JobRole | Q1: JobSatisfaction | R1: MaritalStatus | S1: MonthlyIncome | T1: Salaryflag | U1: MonthlyRate | V1: NumCompaniesWorked | W1: Over18 | X1: OverTime | Y1: PercentSalaryHike | Z1: PerformanceRating | AA1: RelationshipSatisfaction | AB1: StandardHours | AC1: StockOptionLevel | AD1: TotalWorkingYears | AE1: TrainingTimesLastYear | AF1: WorkLifeBalance | AG1: YearsAtCompany | AH1: YearsInCurrentRole | AI1: YearsSinceLastPromotion | AJ1: YearsWithCurrManager
A2: 41 | B2: Yes | C2: Travel_Rarely | D2: 1102 | E2: Sales | F2: 1 | G2: 2 | H2: Life Sciences | I2: 1 | J2: 1 | K2: 2 | L2: Female | M2: 94 | N2: 3 | O2: 2 | P2: Sales Executive | Q2: 4 | R2: Single | S2: 5993 | T2: =IF( S2 < AVERAGE($S$2:$S$1471), "Below Avg", "Above Avg" ) -> Below Avg | U2: 19479 | V2: 8 | W2: Y | X2: Yes | Y2: 11 | Z2: 3 | AA2: 1 | AB2: 80 | AC2: 0 | AD2: 8 | AE2: 0 | AF2: 1 | AG2: 6 | AH2: 4 | AI2: 0 | AJ2: 5
A3: 49 | B3: No | C3: Travel_Frequently | D3: 279 | E3: Research & Development | F3: 8 | G3: 1 | H3: Life Sciences | I3: 1 | J3: 2 | K3: 3 | L3: Male | M3: 61 | N3: 2 | O3: 2 | P3: Research Scientist | Q3: 2 | R3: Married | S3: 5130 | T3: =IF( S3 < AVERAGE($S$2:$S$1471), "Below Avg", "Above Avg" ) -> Below Avg | U3: 24907 | V3: 1 | W3: Y | X3: No | Y3: 23 | Z3: 4 | AA3: 4 | AB3: 80 | AC3: 1 | AD3: 10 | AE3: 3 | AF3: 3 | AG3: 10 | AH3: 7 | AI3: 1 | AJ3: 7
A4: 37 | B4: Yes | C4: Travel_Rarely | D4: 1373 | E4: Research & Development | F4: 2 | G4: 2 | H4: Other | I4: 1 | J4: 4 | K4: 4 | L4: Male | M4: 92 | N4: 2 | O4: 1 | P4: Laboratory Technician | Q4: 3 | R4: Single | S4: 2090 | T4: =IF( S4 < AVERAGE($S$2:$S$1471), "Below Avg", "Above Avg" ) -> Below Avg | U4: 2396 | V4: 6 | W4: Y | X4: Yes | Y4: 15 | Z4: 3 | AA4: 2 | AB4: 80 | AC4: 0 | AD4: 7 | AE4: 3 | AF4: 3 | AG4: 0 | AH4: 0 | AI4: 0 | AJ4: 0
A5: 33 | B5: No | C5: Travel_Frequently | D5: 1392 | E5: Research & Development | F5: 3 | G5: 4 | H5: Life Sciences | I5: 1 | J5: 5 | K5: 4 | L5: Female | M5: 56 | N5: 3 | O5: 1 | P5: Research Scientist | Q5: 3 | R5: Married | S5: 2909 | T5: =IF( S5 < AVERAGE($S$2:$S$1471), "Below Avg", "Above Avg" ) -> Below Avg | U5: 23159 | V5: 1 | W5: Y | X5: Yes | Y5: 11 | Z5: 3 | AA5: 3 | AB5: 80 | AC5: 0 | AD5: 8 | AE5: 3 | AF5: 3 | AG5: 8 | AH5: 7 | AI5: 3 | AJ5: 0
A6: 27 | B6: No | C6: Travel_Rarely | D6: 591 | E6: Research & Development | F6: 2 | G6: 1 | H6: Medical | I6: 1 | J6: 7 | K6: 1 | L6: Male | M6: 40 | N6: 3 | O6: 1 | P6: Laboratory Technician | Q6: 2 | R6: Married | S6: 3468 | T6: =IF( S6 < AVERAGE($S$2:$S$1471), "Below Avg", "Above Avg" ) -> Below Avg | U6: 16632 | V6: 9 | W6: Y | X6: No | Y6: 12 | Z6: 3 | AA6: 4 | AB6: 80 | AC6: 1 | AD6: 6 | AE6: 3 | AF6: 3 | AG6: 2 | AH6: 2 | AI6: 2 | AJ6: 2
A7: 32 | B7: No | C7: Travel_Frequently | D7: 1005 | E7: Research & Development | F7: 2 | G7: 2 | H7: Life Sciences | I7: 1 | J7: 8 | K7: 4 | L7: Male | M7: 79 | N7: 3 | O7: 1 | P7: Laboratory Technician | Q7: 4 | R7: Single | S7: 3068 | T7: =IF( S7 < AVERAGE($S$2:$S$1471), "Below Avg", "Above Avg" ) -> Below Avg | U7: 11864 | V7: 0 | W7: Y | X7: No | Y7: 13 | Z7: 3 | AA7: 3 | AB7: 80 | AC7: 0 | AD7: 8 | AE7: 2 | AF7: 2 | AG7: 7 | AH7: 7 | AI7: 3 | AJ7: 6
A8: 59 | B8: No | C8: Travel_Rarely | D8: 1324 | E8: Research & Development | F8: 3 | G8: 3 | H8: Medical | I8: 1 | J8: 10 | K8: 3 | L8: Female | M8: 81 | N8: 4 | O8: 1 | P8: Laboratory Technician | Q8: 1 | R8: Married | S8: 2670 | T8: =IF( S8 < AVERAGE($S$2:$S$1471), "Below Avg", "Above Avg" ) -> Below Avg | U8: 9964 | V8: 4 | W8: Y | X8: Yes | Y8: 20 | Z8: 4 | AA8: 1 | AB8: 80 | AC8: 3 | AD8: 12 | AE8: 3 | AF8: 2 | AG8: 1 | AH8: 0 | AI8: 0 | AJ8: 0
A9: 30 | B9: No | C9: Travel_Rarely | D9: 1358 | E9: Research & Development | F9: 24 | G9: 1 | H9: Life Sciences | I9: 1 | J9: 11 | K9: 4 | L9: Male | M9: 67 | N9: 3 | O9: 1 | P9: Laboratory Technician | Q9: 3 | R9: Divorced | S9: 2693 | T9: =IF( S9 < AVERAGE($S$2:$S$1471), "Below Avg", "Above Avg" ) -> Below Avg | U9: 13335 | V9: 1 | W9: Y | X9: No | Y9: 22 | Z9: 4 | AA9: 2 | AB9: 80 | AC9: 1 | AD9: 1 | AE9: 2 | AF9: 3 | AG9: 1 | AH9: 0 | AI9: 0 | AJ9: 0
A10: 38 | B10: No | C10: Travel_Frequently | D10: 216 | E10: Research & Development | F10: 23 | G10: 3 | H10: Life Sciences | I10: 1 | J10: 12 | K10: 4 | L10: Male | M10: 44 | N10: 2 | O10: 3 | P10: Manufacturing Director | Q10: 3 | R10: Single | S10: 9526 | T10: =IF( S10 < AVERAGE($S$2:$S$1471), "Below Avg", "Above Avg" ) -> Above Avg | U10: 8787 | V10: 0 | W10: Y | X10: No | Y10: 21 | Z10: 4 | AA10: 2 | AB10: 80 | AC10: 0 | AD10: 10 | AE10: 2 | AF10: 3 | AG10: 9 | AH10: 7 | AI10: 1 | AJ10: 8
A11: 36 | B11: No | C11: Travel_Rarely | D11: 1299 | E11: Research & Development | F11: 27 | G11: 3 | H11: Medical | I11: 1 | J11: 13 | K11: 3 | L11: Male | M11: 94 | N11: 3 | O11: 2 | P11: Healthcare Representative | Q11: 3 | R11: Married | S11: 5237 | T11: =IF( S11 < AVERAGE($S$2:$S$1471), "Below Avg", "Above Avg" ) -> Below Avg | U11: 16577 | V11: 6 | W11: Y | X11: No | Y11: 13 | Z11: 3 | AA11: 2 | AB11: 80 | AC11: 2 | AD11: 17 | AE11: 3 | AF11: 2 | AG11: 7 | AH11: 7 | AI11: 7 | AJ11: 7
A12: 35 | B12: No | C12: Travel_Rarely | D12: 809 | E12: Research & Development | F12: 16 | G12: 3 | H12: Medical | I12: 1 | J12: 14 | K12: 1 | L12: Male | M12: 84 | N12: 4 | O12: 1 | P12: Laboratory Technician | Q12: 2 | R12: Married | S12: 2426 | T12: =IF( S12 < AVERAGE($S$2:$S$1471), "Below Avg", "Above Avg" ) -> Below Avg | U12: 16479 | V12: 0 | W12: Y | X12: No | Y12: 13 | Z12: 3 | AA12: 3 | AB12: 80 | AC12: 1 | AD12: 6 | AE12: 5 | AF12: 3 | AG12: 5 | AH12: 4 | AI12: 0 | AJ12: 3
A13: 29 | B13: No | C13: Travel_Rarely | D13: 153 | E13: Research & Development | F13: 15 | G13: 2 | H13: Life Sciences | I13: 1 | J13: 15 | K13: 4 | L13: Female | M13: 49 | N13: 2 | O13: 2 | P13: Laboratory Technician | Q13: 3 | R13: Single | S13: 4193 | T13: =IF( S13 < AVERAGE($S$2:$S$1471), "Below Avg", "Above Avg" ) -> Below Avg | U13: 12682 | V13: 0 | W13: Y | X13: Yes | Y13: 12 | Z13: 3 | AA13: 4 | AB13: 80 | AC13: 0 | AD13: 10 | AE13: 3 | AF13: 3 | AG13: 9 | AH13: 5 | AI13: 0 | AJ13: 8
... A1471: 34 | B1471: No | C1471: Travel_Rarely | D1471: 628 | E1471: Research & Development | F1471: 8 | G1471: 3 | H1471: Medical | I1471: 1 | J1471: 2068 | K1471: 2 | L1471: Male | M1471: 82 | N1471: 4 | O1471: 2 | P1471: Laboratory Technician | Q1471: 3 | R1471: Married | S1471: 4404 | T1471: =IF( S1471 < AVERAGE($S$2:$S$1471), "Below Avg", "Above Avg" ) -> Below Avg | U1471: 10228 | V1471: 2 | W1471: Y | X1471: No | Y1471: 12 | Z1471: 3 | AA1471: 1 | AB1471: 80 | AC1471: 0 | AD1471: 6 | AE1471: 3 | AF1471: 4 | AG1471: 4 | AH1471: 3 | AI1471: 1 | AJ1471: 2

Sheet JobRole_Income
A1: JobRole | B1: Total Income | C1: Headcount | D1: Avg Income
A2: Healthcare Representative | B2: =SUMIF(ANALYZED!$P$2:$P$1471,A2,ANALYZED!$S$2:$S$1471) -> 986268 | C2: =COUNTIF(ANALYZED!$P$2:$P$1471,A2) -> 131 | D2: =B2/C2 -> 7528.7634
A3: Human Resources | B3: =SUMIF(ANALYZED!$P$2:$P$1471,A3,ANALYZED!$S$2:$S$1471) -> 220259 | C3: =COUNTIF(ANALYZED!$P$2:$P$1471,A3) -> 52 | D3: =B3/C3 -> 4235.75
A4: Laboratory Technician | B4: =SUMIF(ANALYZED!$P$2:$P$1471,A4,ANALYZED!$S$2:$S$1471) -> 838427 | C4: =COUNTIF(ANALYZED!$P$2:$P$1471,A4) -> 259 | D4: =B4/C4 -> 3237.1699
A5: Manager | B5: =SUMIF(ANALYZED!$P$2:$P$1471,A5,ANALYZED!$S$2:$S$1471) -> 1752531 | C5: =COUNTIF(ANALYZED!$P$2:$P$1471,A5) -> 102 | D5: =B5/C5 -> 17181.676
A6: Manufacturing Director | B6: =SUMIF(ANALYZED!$P$2:$P$1471,A6,ANALYZED!$S$2:$S$1471) -> 1057795 | C6: =COUNTIF(ANALYZED!$P$2:$P$1471,A6) -> 145 | D6: =B6/C6 -> 7295.1379
A7: Research Director | B7: =SUMIF(ANALYZED!$P$2:$P$1471,A7,ANALYZED!$S$2:$S$1471) -> 1282684 | C7: =COUNTIF(ANALYZED!$P$2:$P$1471,A7) -> 80 | D7: =B7/C7 -> 16033.55
A8: Research Scientist | B8: =SUMIF(ANALYZED!$P$2:$P$1471,A8,ANALYZED!$S$2:$S$1471) -> 946072 | C8: =COUNTIF(ANALYZED!$P$2:$P$1471,A8) -> 292 | D8: =B8/C8 -> 3239.9726
A9: Sales Executive | B9: =SUMIF(ANALYZED!$P$2:$P$1471,A9,ANALYZED!$S$2:$S$1471) -> 2257315 | C9: =COUNTIF(ANALYZED!$P$2:$P$1471,A9) -> 326 | D9: =B9/C9 -> 6924.2791
A10: Sales Representative | B10: =SUMIF(ANALYZED!$P$2:$P$1471,A10,ANALYZED!$S$2:$S$1471) -> 217958 | C10: =COUNTIF(ANALYZED!$P$2:$P$1471,A10) -> 83 | D10: =B10/C10 -> 2626

Sheet Dep_Attrition
A1: Departments | B1: Nb Who Left | C1: Total Employees | D1: Attrition Rate
A2: Sales | B2: =COUNTIFS(ANALYZED!$E$2:$E$1471,"Sales",ANALYZED!$B$2:$B$1471,"Yes") -> 92 | C2: =COUNTIF(ANALYZED!$E$2:$E$1471,A2) -> 446 | D2: =B2/C2 -> 0.20627803
A3: Research & Development | B3: =COUNTIFS(ANALYZED!$E$2:$E$1471,"Research & Development",ANALYZED!$B$2:$B$1471,"Yes") -> 133 | C3: =COUNTIF(ANALYZED!$E$2:$E$1471,A3) -> 961 | D3: =B3/C3 -> 0.1383975
A4: Human Resources | B4: =COUNTIFS(ANALYZED!$E$2:$E$1471,"Human Resources",ANALYZED!$B$2:$B$1471,"Yes") -> 12 | C4: =COUNTIF(ANALYZED!$E$2:$E$1471,A4) -> 63 | D4: =B4/C4 -> 0.19047619

Sheet JobRole_Attrit.
A1: JobRole | B1: Headcount | C1: Nb Who Left | D1: Attrition Rate
A2: Healthcare Representative | B2: =COUNTIF(ANALYZED!$P$2:$P$1471,A2) -> 131 | C2: =COUNTIFS(ANALYZED!$P$2:$P$1471,A2,ANALYZED!$B$2:$B$1471,"Yes") -> 9 | D2: =C2/B2 -> 0.06870229
A3: Human Resources | B3: =COUNTIF(ANALYZED!$P$2:$P$1471,A3) -> 52 | C3: =COUNTIFS(ANALYZED!$P$2:$P$1471,A3,ANALYZED!$B$2:$B$1471,"Yes") -> 12 | D3: =C3/B3 -> 0.23076923
A4: Laboratory Technician | B4: =COUNTIF(ANALYZED!$P$2:$P$1471,A4) -> 259 | C4: =COUNTIFS(ANALYZED!$P$2:$P$1471,A4,ANALYZED!$B$2:$B$1471,"Yes") -> 62 | D4: =C4/B4 -> 0.23938224
A5: Manager | B5: =COUNTIF(ANALYZED!$P$2:$P$1471,A5) -> 102 | C5: =COUNTIFS(ANALYZED!$P$2:$P$1471,A5,ANALYZED!$B$2:$B$1471,"Yes") -> 5 | D5: =C5/B5 -> 0.049019608
A6: Manufacturing Director | B6: =COUNTIF(ANALYZED!$P$2:$P$1471,A6) -> 145 | C6: =COUNTIFS(ANALYZED!$P$2:$P$1471,A6,ANALYZED!$B$2:$B$1471,"Yes") -> 10 | D6: =C6/B6 -> 0.068965517
A7: Research Director | B7: =COUNTIF(ANALYZED!$P$2:$P$1471,A7) -> 80 | C7: =COUNTIFS(ANALYZED!$P$2:$P$1471,A7,ANALYZED!$B$2:$B$1471,"Yes") -> 2 | D7: =C7/B7 -> 0.025
A8: Research Scientist | B8: =COUNTIF(ANALYZED!$P$2:$P$1471,A8) -> 292 | C8: =COUNTIFS(ANALYZED!$P$2:$P$1471,A8,ANALYZED!$B$2:$B$1471,"Yes") -> 47 | D8: =C8/B8 -> 0.1609589
A9: Sales Executive | B9: =COUNTIF(ANALYZED!$P$2:$P$1471,A9) -> 326 | C9: =COUNTIFS(ANALYZED!$P$2:$P$1471,A9,ANALYZED!$B$2:$B$1471,"Yes") -> 57 | D9: =C9/B9 -> 0.17484663
A10: Sales Representative | B10: =COUNTIF(ANALYZED!$P$2:$P$1471,A10) -> 83 | C10: =COUNTIFS(ANALYZED!$P$2:$P$1471,A10,ANALYZED!$B$2:$B$1471,"Yes") -> 33 | D10: =C10/B10 -> 0.39759036

Sheet Overtime_Attrition
A1: Overtime | B1: Nb who left | C1: Total Employees | D1: Attrition Rate
A2: Yes | B2: =COUNTIFS(ANALYZED!$X$2:$X$1471,"Yes",ANALYZED!$B$2:$B$1471,"Yes") -> 127 | C2: =COUNTIF(ANALYZED!$X$2:$X$1471,A2) -> 416 | D2: =B2/C2 -> 0.30528846
A3: No | B3: =COUNTIFS(ANALYZED!$X$2:$X$1471,"No",ANALYZED!$B$2:$B$1471,"Yes") -> 110 | C3: =COUNTIF(ANALYZED!$X$2:$X$1471,A3) -> 1054 | D3: =B3/C3 -> 0.10436433

Sheet Age_Attrition
A1: Age Group | B1: Range | C1: Nb Who Left | D1: Total Employees | E1: Attrition Rate
A2: 18-25 | B2: Young / Entry Level | C2: =COUNTIFS(ANALYZED!$A$2:$A$1471,">="&18,ANALYZED!$A$2:$A$1471,"<="&25,ANALYZED!$B$2:$B$1471,"Yes") -> 44 | D2: =COUNTIFS(ANALYZED!$A$2:$A$1471,">="&18,ANALYZED!$A$2:$A$1471,"<="&25) -> 123 | E2: =C2/D2 -> 0.35772358
A3: 26-35 | B3: Early Career | C3: =COUNTIFS(ANALYZED!$A$2:$A$1471,">="&26,ANALYZED!$A$2:$A$1471,"<="&35,ANALYZED!$B$2:$B$1471,"Yes") -> 116 | D3: =COUNTIFS(ANALYZED!$A$2:$A$1471,">="&26,ANALYZED!$A$2:$A$1471,"<="&35) -> 606 | E3: =C3/D3 -> 0.19141914
A4: 36-45 | B4: Mid Career | C4: =COUNTIFS(ANALYZED!$A$2:$A$1471,">="&36,ANALYZED!$A$2:$A$1471,"<="&45,ANALYZED!$B$2:$B$1471,"Yes") -> 43 | D4: =COUNTIFS(ANALYZED!$A$2:$A$1471,">="&36,ANALYZED!$A$2:$A$1471,"<="&45) -> 468 | E4: =C4/D4 -> 0.091880342
A5: 46-55 | B5: Senior | C5: =COUNTIFS(ANALYZED!$A$2:$A$1471,">="&46,ANALYZED!$A$2:$A$1471,"<="&55,ANALYZED!$B$2:$B$1471,"Yes") -> 26 | D5: =COUNTIFS(ANALYZED!$A$2:$A$1471,">="&46,ANALYZED!$A$2:$A$1471,"<="&55) -> 226 | E5: =C5/D5 -> 0.11504425
A6: 56-60 | B6: Near Retirement | C6: =COUNTIFS(ANALYZED!$A$2:$A$1471,">="&56,ANALYZED!$A$2:$A$1471,"<="&60,ANALYZED!$B$2:$B$1471,"Yes") -> 8 | D6: =COUNTIFS(ANALYZED!$A$2:$A$1471,">="&56,ANALYZED!$A$2:$A$1471,"<="&60) -> 47 | E6: =C6/D6 -> 0.17021277
